question,answer
What types of snacks do you sell?,"We offer a variety of Gujarati snacks including fafda, thepla, and khakhra."
Can you tell me about your snack offerings?,"We offer a variety of Gujarati snacks including fafda, thepla, and khakhra."
What varieties of Gujarati snacks do you have?,"We offer a variety of Gujarati snacks including fafda, thepla, and khakhra."
Which traditional snacks are available in your store?,"We offer a variety of Gujarati snacks including fafda, thepla, and khakhra."
What options are there for Gujarati snacks?,"We offer a variety of Gujarati snacks including fafda, thepla, and khakhra."
What kinds of snacks can I find in your shop?,"We offer a variety of Gujarati snacks including fafda, thepla, and khakhra."
Could you list the Gujarati snacks you provide?,"We offer a variety of Gujarati snacks including fafda, thepla, and khakhra."
What are some of the snacks you offer?,"We offer a variety of Gujarati snacks including fafda, thepla, and khakhra."
What items are included in your snack range?,"We offer a variety of Gujarati snacks including fafda, thepla, and khakhra."
What selection of snacks do you carry?,"We offer a variety of Gujarati snacks including fafda, thepla, and khakhra."
Do you sell any specific regional snacks?,"We offer a variety of Gujarati snacks including fafda, thepla, and khakhra."
What regional snacks do you specialize in?,"We offer a variety of Gujarati snacks including fafda, thepla, and khakhra."
What is your snack collection like?,"We offer a variety of Gujarati snacks including fafda, thepla, and khakhra."
Could you describe your snack products?,"We offer a variety of Gujarati snacks including fafda, thepla, and khakhra."
What are your top-selling snacks?,"We offer a variety of Gujarati snacks including fafda, thepla, and khakhra."
Which snacks are part of your inventory?,"We offer a variety of Gujarati snacks including fafda, thepla, and khakhra."
What are the popular snacks in your store?,"We offer a variety of Gujarati snacks including fafda, thepla, and khakhra."
What does your snack menu consist of?,"We offer a variety of Gujarati snacks including fafda, thepla, and khakhra."
Can you list the Gujarati snacks in your catalog?,"We offer a variety of Gujarati snacks including fafda, thepla, and khakhra."
What snacks do you feature in your product line?,"We offer a variety of Gujarati snacks including fafda, thepla, and khakhra."
What ingredients go into making fafda?,"The main ingredients in fafda are gram flour, carom seeds, and turmeric."
Can you tell me the recipe for fafda?,"The main ingredients in fafda are gram flour, carom seeds, and turmeric."
What is fafda made of?,"The main ingredients in fafda are gram flour, carom seeds, and turmeric."
What are the components of fafda?,"The main ingredients in fafda are gram flour, carom seeds, and turmeric."
What makes up fafda?,"The main ingredients in fafda are gram flour, carom seeds, and turmeric."
What do you need to make fafda?,"The main ingredients in fafda are gram flour, carom seeds, and turmeric."
What are the basic ingredients in fafda?,"The main ingredients in fafda are gram flour, carom seeds, and turmeric."
What are the primary ingredients in fafda?,"The main ingredients in fafda are gram flour, carom seeds, and turmeric."
What ingredients are used in traditional fafda?,"The main ingredients in fafda are gram flour, carom seeds, and turmeric."
What is the composition of fafda?,"The main ingredients in fafda are gram flour, carom seeds, and turmeric."
What does fafda contain?,"The main ingredients in fafda are gram flour, carom seeds, and turmeric."
What are the essential ingredients in fafda?,"The main ingredients in fafda are gram flour, carom seeds, and turmeric."
What are the key ingredients in fafda?,"The main ingredients in fafda are gram flour, carom seeds, and turmeric."
What makes up the fafda recipe?,"The main ingredients in fafda are gram flour, carom seeds, and turmeric."
Can you list the ingredients for fafda?,"The main ingredients in fafda are gram flour, carom seeds, and turmeric."
What are the main components of fafda?,"The main ingredients in fafda are gram flour, carom seeds, and turmeric."
What ingredients are essential for fafda?,"The main ingredients in fafda are gram flour, carom seeds, and turmeric."
What are the fundamental ingredients in fafda?,"The main ingredients in fafda are gram flour, carom seeds, and turmeric."
What does a fafda recipe consist of?,"The main ingredients in fafda are gram flour, carom seeds, and turmeric."
What are the typical ingredients in fafda?,"The main ingredients in fafda are gram flour, carom seeds, and turmeric."
How do you ship your products?,We deliver the products via local courier services within 3-5 business days.
What is your delivery method?,We deliver the products via local courier services within 3-5 business days.
How are the products delivered?,We deliver the products via local courier services within 3-5 business days.
How do you handle product delivery?,We deliver the products via local courier services within 3-5 business days.
What delivery service do you use?,We deliver the products via local courier services within 3-5 business days.
What is the shipping process?,We deliver the products via local courier services within 3-5 business days.
How long does delivery take?,We deliver the products via local courier services within 3-5 business days.
What is the timeframe for delivery?,We deliver the products via local courier services within 3-5 business days.
What are the delivery options?,We deliver the products via local courier services within 3-5 business days.
How are orders shipped?,We deliver the products via local courier services within 3-5 business days.
How quickly are products delivered?,We deliver the products via local courier services within 3-5 business days.
What is the standard delivery time?,We deliver the products via local courier services within 3-5 business days.
Which courier service do you use for delivery?,We deliver the products via local courier services within 3-5 business days.
What is the expected delivery time for orders?,We deliver the products via local courier services within 3-5 business days.
How do you ensure timely delivery?,We deliver the products via local courier services within 3-5 business days.
What is your delivery schedule?,We deliver the products via local courier services within 3-5 business days.
How long does it take for products to arrive?,We deliver the products via local courier services within 3-5 business days.
What is your delivery policy?,We deliver the products via local courier services within 3-5 business days.
How do you manage product shipping?,We deliver the products via local courier services within 3-5 business days.
How are the products shipped to customers?,We deliver the products via local courier services within 3-5 business days.
What are your product prices?,The prices of our products range from INR 50 to INR 200 per pack.
How much do your products cost?,The prices of our products range from INR 50 to INR 200 per pack.
Can you provide the price range for your products?,The prices of our products range from INR 50 to INR 200 per pack.
What is the cost of your snacks?,The prices of our products range from INR 50 to INR 200 per pack.
How are your products priced?,The prices of our products range from INR 50 to INR 200 per pack.
What is the price range of your items?,The prices of our products range from INR 50 to INR 200 per pack.
How much do your snack packs cost?,The prices of our products range from INR 50 to INR 200 per pack.
What is the typical price of your products?,The prices of our products range from INR 50 to INR 200 per pack.
What are the costs associated with your products?,The prices of our products range from INR 50 to INR 200 per pack.
What are your pricing details?,The prices of our products range from INR 50 to INR 200 per pack.
What are the charges for your products?,The prices of our products range from INR 50 to INR 200 per pack.
What price range can I expect for your products?,The prices of our products range from INR 50 to INR 200 per pack.
How much do you charge for your snacks?,The prices of our products range from INR 50 to INR 200 per pack.
What is the average cost of your products?,The prices of our products range from INR 50 to INR 200 per pack.
What do your products cost per pack?,The prices of our products range from INR 50 to INR 200 per pack.
What is the price point of your products?,The prices of our products range from INR 50 to INR 200 per pack.
How much are your snacks per pack?,The prices of our products range from INR 50 to INR 200 per pack.
What are the different price options for your products?,The prices of our products range from INR 50 to INR 200 per pack.
What is the cost range of your products?,The prices of our products range from INR 50 to INR 200 per pack.
How much do your snack items cost?,The prices of our products range from INR 50 to INR 200 per pack.
Do you provide any discounts?,"Yes, we offer discounts on bulk orders and during festive seasons."
Are there any discounts available?,"Yes, we offer discounts on bulk orders and during festive seasons."
Can I get a discount on my order?,"Yes, we offer discounts on bulk orders and during festive seasons."
Do you have any special offers?,"Yes, we offer discounts on bulk orders and during festive seasons."
Are discounts offered for bulk purchases?,"Yes, we offer discounts on bulk orders and during festive seasons."
Do you have any promotional deals?,"Yes, we offer discounts on bulk orders and during festive seasons."
Are there any festive discounts available?,"Yes, we offer discounts on bulk orders and during festive seasons."
Do you give discounts for large orders?,"Yes, we offer discounts on bulk orders and during festive seasons."
Are there any seasonal discounts?,"Yes, we offer discounts on bulk orders and during festive seasons."
Can I get a discount if I buy in bulk?,"Yes, we offer discounts on bulk orders and during festive seasons."
Do you offer price reductions?,"Yes, we offer discounts on bulk orders and during festive seasons."
Are there any discount codes available?,"Yes, we offer discounts on bulk orders and during festive seasons."
Do you have any sales events?,"Yes, we offer discounts on bulk orders and during festive seasons."
Are there any offers for bulk buyers?,"Yes, we offer discounts on bulk orders and during festive seasons."
Do you provide festive season discounts?,"Yes, we offer discounts on bulk orders and during festive seasons."
Do you offer any price cuts?,"Yes, we offer discounts on bulk orders and during festive seasons."
Are there any discounts during festivals?,"Yes, we offer discounts on bulk orders and during festive seasons."
Do you have any deals for bulk orders?,"Yes, we offer discounts on bulk orders and during festive seasons."
Are discounts applied to large orders?,"Yes, we offer discounts on bulk orders and during festive seasons."
Are there any special prices for bulk purchases?,"Yes, we offer discounts on bulk orders and during festive seasons."
Can I customize my snack order?,"Yes, you can customize your order by specifying your preferences while placing the order."
Is it possible to personalize my order?,"Yes, you can customize your order by specifying your preferences while placing the order."
Can I make changes to my order?,"Yes, you can customize your order by specifying your preferences while placing the order."
Can I request specific items in my order?,"Yes, you can customize your order by specifying your preferences while placing the order."
Do you allow order customization?,"Yes, you can customize your order by specifying your preferences while placing the order."
Can I tailor my order to my liking?,"Yes, you can customize your order by specifying your preferences while placing the order."
Is order customization available?,"Yes, you can customize your order by specifying your preferences while placing the order."
Can I choose specific snacks for my order?,"Yes, you can customize your order by specifying your preferences while placing the order."
Is it possible to modify my order?,"Yes, you can customize your order by specifying your preferences while placing the order."
Can I select particular items for my order?,"Yes, you can customize your order by specifying your preferences while placing the order."
Can I have a personalized order?,"Yes, you can customize your order by specifying your preferences while placing the order."
Are there options to customize my order?,"Yes, you can customize your order by specifying your preferences while placing the order."
Can I adjust my order to my preferences?,"Yes, you can customize your order by specifying your preferences while placing the order."
Can I customize the snacks in my order?,"Yes, you can customize your order by specifying your preferences while placing the order."
Can I make specific requests for my order?,"Yes, you can customize your order by specifying your preferences while placing the order."
Do you offer custom order options?,"Yes, you can customize your order by specifying your preferences while placing the order."
Can I specify my preferences for my order?,"Yes, you can customize your order by specifying your preferences while placing the order."
Can I personalize my snack selection?,"Yes, you can customize your order by specifying your preferences while placing the order."
Can I choose different snacks for my order?,"Yes, you can customize your order by specifying your preferences while placing the order."
Is there an option to personalize my snack order?,"Yes, you can customize your order by specifying your preferences while placing the order."
Are your snacks gluten-free?,Most of our products are gluten-free. Please check the product description for details.
Do you offer gluten-free products?,Most of our products are gluten-free. Please check the product description for details.
Are there gluten-free options available?,Most of our products are gluten-free. Please check the product description for details.
Do you have gluten-free snacks?,Most of our products are gluten-free. Please check the product description for details.
Can I find gluten-free snacks in your store?,Most of our products are gluten-free. Please check the product description for details.
Are any of your products gluten-free?,Most of our products are gluten-free. Please check the product description for details.
Are gluten-free options provided?,Most of our products are gluten-free. Please check the product description for details.
Do you cater to gluten-free diets?,Most of our products are gluten-free. Please check the product description for details.
Are there gluten-free snacks in your range?,Most of our products are gluten-free. Please check the product description for details.
Do you sell gluten-free items?,Most of our products are gluten-free. Please check the product description for details.
Are gluten-free products available?,Most of our products are gluten-free. Please check the product description for details.
Do you provide gluten-free snack options?,Most of our products are gluten-free. Please check the product description for details.
Are your products suitable for gluten-free diets?,Most of our products are gluten-free. Please check the product description for details.
Can I get gluten-free snacks from you?,Most of our products are gluten-free. Please check the product description for details.
Do you offer gluten-free alternatives?,Most of our products are gluten-free. Please check the product description for details.
Are your snacks made without gluten?,Most of our products are gluten-free. Please check the product description for details.
Do you have any gluten-free items?,Most of our products are gluten-free. Please check the product description for details.
Are your snack products gluten-free?,Most of our products are gluten-free. Please check the product description for details.
Can I find gluten-free options among your snacks?,Most of our products are gluten-free. Please check the product description for details.
Do you provide gluten-free options in your snacks?,Most of our products are gluten-free. Please check the product description for details.
Do you use artificial preservatives?,"No, we do not use any artificial preservatives in our products."
Are there any preservatives in your products?,"No, we do not use any artificial preservatives in our products."
Do your snacks contain artificial preservatives?,"No, we do not use any artificial preservatives in our products."
Are artificial preservatives added to your products?,"No, we do not use any artificial preservatives in our products."
Do you add preservatives to your snacks?,"No, we do not use any artificial preservatives in our products."
Are preservatives used in your products?,"No, we do not use any artificial preservatives in our products."
Do you include artificial preservatives in your snacks?,"No, we do not use any artificial preservatives in our products."
Are your products free from artificial preservatives?,"No, we do not use any artificial preservatives in our products."
Do you avoid using artificial preservatives?,"No, we do not use any artificial preservatives in our products."
Are there artificial preservatives in your snacks?,"No, we do not use any artificial preservatives in our products."
Are your snacks made without preservatives?,"No, we do not use any artificial preservatives in our products."
Do you keep your products preservative-free?,"No, we do not use any artificial preservatives in our products."
Are artificial preservatives absent from your products?,"No, we do not use any artificial preservatives in our products."
Are your products preservative-free?,"No, we do not use any artificial preservatives in our products."
Are preservatives added to your products?,"No, we do not use any artificial preservatives in our products."
Do your products have preservatives?,"No, we do not use any artificial preservatives in our products."
Are your snacks preservative-free?,"No, we do not use any artificial preservatives in our products."
Are preservatives included in your snacks?,"No, we do not use any artificial preservatives in our products."
Do your snacks contain preservatives?,"No, we do not use any artificial preservatives in our products."
Are artificial preservatives used in your snacks?,"No, we do not use any artificial preservatives in our products."
Where are you located?,"We are based in Ahmedabad, Gujarat."
What is your location?,"We are based in Ahmedabad, Gujarat."
Where is your business situated?,"We are based in Ahmedabad, Gujarat."
Where can I find your store?,"We are based in Ahmedabad, Gujarat."
What city are you in?,"We are based in Ahmedabad, Gujarat."
Where is your company located?,"We are based in Ahmedabad, Gujarat."
What is your business address?,"We are based in Ahmedabad, Gujarat."
In which city are you based?,"We are based in Ahmedabad, Gujarat."
Where is your office?,"We are based in Ahmedabad, Gujarat."
Where is your headquarters?,"We are based in Ahmedabad, Gujarat."
What is your physical location?,"We are based in Ahmedabad, Gujarat."
Where is your main office located?,"We are based in Ahmedabad, Gujarat."
What is the location of your business?,"We are based in Ahmedabad, Gujarat."
Where are you based?,"We are based in Ahmedabad, Gujarat."
What city is your company in?,"We are based in Ahmedabad, Gujarat."
Where is your shop located?,"We are based in Ahmedabad, Gujarat."
Where is your business based?,"We are based in Ahmedabad, Gujarat."
What is your office address?,"We are based in Ahmedabad, Gujarat."
What is the city of your business?,"We are based in Ahmedabad, Gujarat."
Where can I visit your store?,"We are based in Ahmedabad, Gujarat."
What is your return policy?,We accept returns within 7 days of delivery if the product is unopened and in its original condition.
Can I return a product?,We accept returns within 7 days of delivery if the product is unopened and in its original condition.
How do I return an item?,We accept returns within 7 days of delivery if the product is unopened and in its original condition.
What is your return timeframe?,We accept returns within 7 days of delivery if the product is unopened and in its original condition.
Can I return a product after purchase?,We accept returns within 7 days of delivery if the product is unopened and in its original condition.
Do you have a return policy?,We accept returns within 7 days of delivery if the product is unopened and in its original condition.
What is your return process?,We accept returns within 7 days of delivery if the product is unopened and in its original condition.
How long do I have to return a product?,We accept returns within 7 days of delivery if the product is unopened and in its original condition.
What are the conditions for returning a product?,We accept returns within 7 days of delivery if the product is unopened and in its original condition.
Can I return a product if it is unopened?,We accept returns within 7 days of delivery if the product is unopened and in its original condition.
Do you accept returns of unopened products?,We accept returns within 7 days of delivery if the product is unopened and in its original condition.
What is the time limit for returns?,We accept returns within 7 days of delivery if the product is unopened and in its original condition.
Can I get a refund?,We accept returns within 7 days of delivery if the product is unopened and in its original condition.
How do returns work?,We accept returns within 7 days of delivery if the product is unopened and in its original condition.
What is your policy on product returns?,We accept returns within 7 days of delivery if the product is unopened and in its original condition.
Are returns allowed?,We accept returns within 7 days of delivery if the product is unopened and in its original condition.
Can I return a product within 7 days?,We accept returns within 7 days of delivery if the product is unopened and in its original condition.
What are your return conditions?,We accept returns within 7 days of delivery if the product is unopened and in its original condition.
Can I return an unopened product?,We accept returns within 7 days of delivery if the product is unopened and in its original condition.
Do you have a return window?,We accept returns within 7 days of delivery if the product is unopened and in its original condition.
How can I contact customer support?,You can contact our customer support via email at support@example.com or call us at +91-1234567890.
What is your customer support contact information?,You can contact our customer support via email at support@example.com or call us at +91-1234567890.
How do I reach customer service?,You can contact our customer support via email at support@example.com or call us at +91-1234567890.
How can I get in touch with customer support?,You can contact our customer support via email at support@example.com or call us at +91-1234567890.
How do I contact support?,You can contact our customer support via email at support@example.com or call us at +91-1234567890.
What is your support email?,You can contact our customer support via email at support@example.com or call us at +91-1234567890.
What is your customer service phone number?,You can contact our customer support via email at support@example.com or call us at +91-1234567890.
How can I contact your support team?,You can contact our customer support via email at support@example.com or call us at +91-1234567890.
Where can I find customer support contact details?,You can contact our customer support via email at support@example.com or call us at +91-1234567890.
How can I reach out for support?,You can contact our customer support via email at support@example.com or call us at +91-1234567890.
What are the contact details for customer support?,You can contact our customer support via email at support@example.com or call us at +91-1234567890.
How do I email customer support?,You can contact our customer support via email at support@example.com or call us at +91-1234567890.
How can I call customer support?,You can contact our customer support via email at support@example.com or call us at +91-1234567890.
How do I get help with my order?,You can contact our customer support via email at support@example.com or call us at +91-1234567890.
Who can I contact for support?,You can contact our customer support via email at support@example.com or call us at +91-1234567890.
Where can I send support queries?,You can contact our customer support via email at support@example.com or call us at +91-1234567890.
What is the support email address?,You can contact our customer support via email at support@example.com or call us at +91-1234567890.
How do I reach your support team?,You can contact our customer support via email at support@example.com or call us at +91-1234567890.
How can I contact your customer service?,You can contact our customer support via email at support@example.com or call us at +91-1234567890.
How can I get in touch with your customer support?,You can contact our customer support via email at support@example.com or call us at +91-1234567890.
What payment methods do you accept?,"We accept all major credit/debit cards, UPI, and net banking."
How can I pay for my order?,"We accept all major credit/debit cards, UPI, and net banking."
What are your accepted payment options?,"We accept all major credit/debit cards, UPI, and net banking."
What forms of payment do you accept?,"We accept all major credit/debit cards, UPI, and net banking."
How can I make a payment?,"We accept all major credit/debit cards, UPI, and net banking."
What payment methods are available?,"We accept all major credit/debit cards, UPI, and net banking."
Which payment options do you support?,"We accept all major credit/debit cards, UPI, and net banking."
What types of payment do you accept?,"We accept all major credit/debit cards, UPI, and net banking."
What are your payment methods?,"We accept all major credit/debit cards, UPI, and net banking."
Can I pay with a credit card?,"We accept all major credit/debit cards, UPI, and net banking."
Do you accept debit cards for payment?,"We accept all major credit/debit cards, UPI, and net banking."
Can I pay via net banking?,"We accept all major credit/debit cards, UPI, and net banking."
Do you support UPI payments?,"We accept all major credit/debit cards, UPI, and net banking."
What are the payment options for my order?,"We accept all major credit/debit cards, UPI, and net banking."
How do I make a payment for my purchase?,"We accept all major credit/debit cards, UPI, and net banking."
Can I use net banking for payment?,"We accept all major credit/debit cards, UPI, and net banking."
Do you take credit card payments?,"We accept all major credit/debit cards, UPI, and net banking."
What types of cards do you accept?,"We accept all major credit/debit cards, UPI, and net banking."
Are UPI payments accepted?,"We accept all major credit/debit cards, UPI, and net banking."
Can I pay using debit cards?,"We accept all major credit/debit cards, UPI, and net banking."
Do you ship internationally?,"Currently, we only ship within India."
Can I order from outside India?,"Currently, we only ship within India."
Do you offer international shipping?,"Currently, we only ship within India."
Are international deliveries available?,"Currently, we only ship within India."
Can you ship to other countries?,"Currently, we only ship within India."
Do you send products overseas?,"Currently, we only ship within India."
Is international delivery an option?,"Currently, we only ship within India."
Can I get your products shipped internationally?,"Currently, we only ship within India."
Are international orders accepted?,"Currently, we only ship within India."
Do you deliver outside India?,"Currently, we only ship within India."
Is global shipping available?,"Currently, we only ship within India."
Can your products be shipped globally?,"Currently, we only ship within India."
Do you handle international shipments?,"Currently, we only ship within India."
Are products shipped to other countries?,"Currently, we only ship within India."
Do you provide shipping to international addresses?,"Currently, we only ship within India."
Can I have products delivered internationally?,"Currently, we only ship within India."
Are your products available for international purchase?,"Currently, we only ship within India."
Is international order fulfillment offered?,"Currently, we only ship within India."
Can I buy your products from outside India?,"Currently, we only ship within India."
Do you offer shipping to countries outside India?,"Currently, we only ship within India."
Can I track my order?,"Yes, you will receive a tracking number once your order is shipped."
Do you provide order tracking?,"Yes, you will receive a tracking number once your order is shipped."
How can I track my shipment?,"Yes, you will receive a tracking number once your order is shipped."
Will I get a tracking number for my order?,"Yes, you will receive a tracking number once your order is shipped."
How do I track my order status?,"Yes, you will receive a tracking number once your order is shipped."
Is order tracking available?,"Yes, you will receive a tracking number once your order is shipped."
Do you offer tracking information?,"Yes, you will receive a tracking number once your order is shipped."
Will I receive tracking details for my order?,"Yes, you will receive a tracking number once your order is shipped."
Can I get tracking updates for my shipment?,"Yes, you will receive a tracking number once your order is shipped."
Do you provide tracking numbers for orders?,"Yes, you will receive a tracking number once your order is shipped."
How do I get a tracking number for my order?,"Yes, you will receive a tracking number once your order is shipped."
Will my order come with tracking information?,"Yes, you will receive a tracking number once your order is shipped."
Can I receive tracking info for my order?,"Yes, you will receive a tracking number once your order is shipped."
How do I track my package?,"Yes, you will receive a tracking number once your order is shipped."
Do you send tracking numbers with orders?,"Yes, you will receive a tracking number once your order is shipped."
How can I get tracking updates?,"Yes, you will receive a tracking number once your order is shipped."
Will I get order tracking details?,"Yes, you will receive a tracking number once your order is shipped."
Can I get a tracking number for my purchase?,"Yes, you will receive a tracking number once your order is shipped."
Do you provide tracking for shipments?,"Yes, you will receive a tracking number once your order is shipped."
Is tracking available for my order?,"Yes, you will receive a tracking number once your order is shipped."
How can I provide feedback?,You can provide feedback through our website or email us at feedback@example.com.
Where can I leave feedback?,You can provide feedback through our website or email us at feedback@example.com.
How do I share my feedback?,You can provide feedback through our website or email us at feedback@example.com.
Can I provide feedback online?,You can provide feedback through our website or email us at feedback@example.com.
How do I give feedback?,You can provide feedback through our website or email us at feedback@example.com.
What is the best way to provide feedback?,You can provide feedback through our website or email us at feedback@example.com.
Where can I submit feedback?,You can provide feedback through our website or email us at feedback@example.com.
How can I send my feedback?,You can provide feedback through our website or email us at feedback@example.com.
Is there a feedback form on your website?,You can provide feedback through our website or email us at feedback@example.com.
Can I email my feedback?,You can provide feedback through our website or email us at feedback@example.com.
How do I provide input on your products?,You can provide feedback through our website or email us at feedback@example.com.
Where do I leave feedback for your services?,You can provide feedback through our website or email us at feedback@example.com.
How do I give my opinion on your products?,You can provide feedback through our website or email us at feedback@example.com.
Where can I send my feedback?,You can provide feedback through our website or email us at feedback@example.com.
How can I share my thoughts on your products?,You can provide feedback through our website or email us at feedback@example.com.
Can I provide feedback via email?,You can provide feedback through our website or email us at feedback@example.com.
How do I give feedback on your services?,You can provide feedback through our website or email us at feedback@example.com.
What is the feedback email address?,You can provide feedback through our website or email us at feedback@example.com.
Where do I provide feedback on your products?,You can provide feedback through our website or email us at feedback@example.com.
How do I submit feedback on your website?,You can provide feedback through our website or email us at feedback@example.com.
